htwr-aachen.de/sibd/studium,https://htwr-aachen.de/sibd/dbis,301,,,,
htwr-aachen.de/sibd/studium/teachings,https://htwr-aachen.de/sibd/dbis/summaries,301,,,TRUE,TRUE
htwr-aachen.de/sibd/studium/aufgaben,https://htwr-aachen.de/sibd/dbis/materials,301,,,TRUE,TRUE
htwr-aachen.de/sibd/studium/klausuren,https://htwr-aachen.de/sibd/dbis/exams,301,,,,
htwr-aachen.de/cigol/studium,https://htwr-aachen.de/cigol/malo,301,,,,
htwr-aachen.de/cigol/studium/teachings,https://htwr-aachen.de/cigol/malo/summaries,301,,,TRUE,TRUE
htwr-aachen.de/cigol/studium/aufgaben,https://htwr-aachen.de/cigol/malo/materials,301,,,TRUE,TRUE
htwr-aachen.de/cigol/studium/klausuren,https://htwr-aachen.de/cigol/malo/exams,301,,,,
htwr-aachen.de/scil/studium,https://htwr-aachen.de/scil/buk,301,,,,
htwr-aachen.de/scil/studium/teachings,https://htwr-aachen.de/scil/buk/summaries,301,,,TRUE,TRUE
htwr-aachen.de/scil/studium/aufgaben,https://htwr-aachen.de/scil/buk/materials,301,,,TRUE,TRUE
htwr-aachen.de/scil/studium/klausuren,https://htwr-aachen.de/scil/buk/exams,301,,,,
htwr-aachen.de/es/studium/teachings,https://htwr-aachen.de/es/swt/summaries,301,,,TRUE,TRUE
htwr-aachen.de/es/studium/aufgaben,https://htwr-aachen.de/es/swt/materials,301,,,TRUE,TRUE
htwr-aachen.de/es/studium/klausuren,https://htwr-aachen.de/es/swt/exams,301,,,,
htwr-aachen.de/wsi/studium,https://htwr-aachen.de/wsi/stocha,301,,,,
htwr-aachen.de/wsi/studium/teachings,https://htwr-aachen.de/wsi/stocha/summaries,301,,,TRUE,TRUE
htwr-aachen.de/wsi/studium/aufgaben,https://htwr-aachen.de/wsi/stocha/materials,301,,,TRUE,TRUE
htwr-aachen.de/wsi/studium/klausuren,https://htwr-aachen.de/wsi/stocha/exams,301,,,,
htwr-aachen.de/male/summaries,https://htwr-aachen.de/male/male/summaries,301,,,TRUE,TRUE
htwr-aachen.de/male/materials,https://htwr-aachen.de/male/malematerials,301,,,TRUE,TRUE
